<?xml version="1.0" encoding="UTF-8"?>
<beans xmlns="http://www.springframework.org/schema/beans"
       xmlns:xsi="http://www.w3.org/2001/XMLSchema-instance"
       xmlns:context="http://www.springframework.org/schema/context"
       xsi:schemaLocation="http://www.springframework.org/schema/beans
       http://www.springframework.org/schema/beans/spring-beans.xsd
       http://www.springframework.org/schema/context
       http://www.springframework.org/schema/context/spring-context.xsd">

    <context:component-scan base-package="com.tinnkm.rpc.simple"/>

    <context:property-placeholder location="classpath:rpc.properties"/>

    <bean id="serviceRegistry" class="com.tinnkm.rpc.registry.ServiceRegistry">
        <constructor-arg name="registryAddress" value="${registry.address}"/>
    </bean>

    <bean id="rpcServer" class="com.tinnkm.rpc.server.RpcServer">
        <constructor-arg name="serverAddress" value="${server.address}"/>
        <constructor-arg name="serviceRegistry" ref="serviceRegistry"/>
    </bean>

</beans>